type,date,title,title_en,origin,link,image
article,2025.11.14,"에스아이디파트너스, 글로벌 테크기업들과 '테크크런치 디스럽트 2025' 참가",,머니투데이,https://www.mt.co.kr/industry/2025/11/14/2025111414165255717,https://thumb.mt.co.kr/cdn-cgi/image/f=avif/21/2025/11/2025111414165255717_1.jpg
article,2025.11.13,투자 위축기에도 스타트업 '성장 행보',,중기이코노미,https://www.junggi.co.kr/article/articleView.html?no=34794,https://cdn.junggi.co.kr/news/photo/202511/34794_1_80.jpg
article,2025.11.12,무협 '스타트업 투자 지원은 투자·고용·해외진출로 연결',,서울경제,https://www.sedaily.com/NewsView/2H0FC67N9D,https://newsimg.sedaily.com/2025/11/12/2H0FC67N9D_1.png
article,2025.11.12,"인천시, '중소기업인대상' 시상식과 '우수중소기업' 인증서 수여식 개최",,인천in,https://www.incheonin.com/news/articleView.html?idxno=113635,https://www.incheonin.com/news/photo/202511/113635_175250_429.jpg
article,2025.11.10,"경기혁신센터, BIXPO 2025서 기후테크 기반 산업 전환 사례 보여",,플래텀,https://platum.kr/archives/274517,https://platum.kr/wp-content/uploads/2025/11/BIXPO202-2048x1536.jpg
article,2025.11.06,경기도 육성 기후테크 스타트업 4곳 'CES 2026' 혁신상 수상,,연합뉴스,https://n.news.naver.com/article/001/0015727002?sid=101,https://imgnews.pstatic.net/image/001/2025/11/06/AKR20251106035800061_01_i_P4_20251106090914825.jpg
article,2025.11.02,"건물부문 탄소감축 해법, '건물E 데이터 통합관리'",,KHARN칸,https://www.kharn.kr/news/article.html?no=29132,https://www.kharn.kr/data/photos/20251144/art_17620621874665_d0d307.jpg
article,2025.10.31,"인천 스타트업, 샌프란시스코에서 780만 달러 상담 성과",,브릿지경제,https://www.viva100.com/article/20251031500245,https://stqnq5ux4599.edge.naverncp.com/data2/content/image/2025/10/31/.cache/512/20251031500240.jpg
article,2025.09.28,'한국 기후테크 스타트업 보자' 뉴욕에 몰린 전세계 투자자 북새통,,한국경제,https://www.hankyung.com/article/202509282195i,https://img.hankyung.com/photo/202509/01.41876574.1.jpg
article,2025.09.22,"서울시, 데이터로 정책 바꾼다…시민 시각화 경진대회 나인와트 우수상",,환경과조경,https://www.lak.co.kr/news/boardview.php?id=21340,https://www.lak.co.kr/mark/watermark.php?path=http://www.lak.co.kr/data/news/editor/20250922153053_cvfltibn.jpg
article,2025.07.24,"파리서 머리 맞댄 K-스타트업, 유럽 진출의 길을 열다",,벤처스퀘어,https://www.venturesquare.net/995531,https://www.venturesquare.net/wp-content/uploads/2025/07/GCCEI_01-1.png
article,2025.07.19,"용인시산업진흥원, 50여 개 기업 참여 오픈이노베이션 교류회 성황 개최",,전자신문,https://www.etnews.com/20250719000070,https://img.etnews.com/news/article/2025/07/19/news-p.v1.20250719.b478cd13942f43c28d790c0e8eccb9f9_P1.jpg
article,2025.07.07,[세부과제 참여기관] 나인와트,,KHARN칸,https://www.kharn.kr/news/article.html?no=28218,https://www.kharn.kr/data/photos/20250727/art_17516170045572_173b06.png
article,2025.06.23,"ESG경영 친환경 건물 리모델링의 새로운 기준, ""나인와트의 그린플래너 APP""",,경기헤드라인,https://www.gheadline.co.kr/news/article.html?no=481103,https://www.gheadline.co.kr/data/photos/portnews/202506/20250623203427-36185.jpg
article,2025.06.22,"""기술 놀랍다"" 쏟아진 투자상담…비바테크 사로잡은 K스타트업",,머니투데이,https://news.mt.co.kr/mtview.php?no=2025062215245351374,https://thumb.mt.co.kr/06/2025/06/2025062215245351374_1.jpg/dims/optimize/
video,2025.06.10,VIVATECH Meetup NINEWATT,,에이빙뉴스,https://www.youtube.com/watch?v=2R8Y9kGafuM,https://i.ytimg.com/vi/2R8Y9kGafuM/0.jpg
article,2025.05.23,"IBK창공, 스타트업 8개사와 '2025년 일본 액셀러레이팅 프로그램'",,벤처스퀘어,https://www.venturesquare.net/970339,https://www.venturesquare.net/wp-content/uploads/2025/05/ibk.jpg
article,2025.04.24,"더데이원랩 등 19개 스타트업, 유럽 공략...'비바테크 2025' 참가",,머니투데이,https://news.mt.co.kr/mtview.php?no=2025042415491591088,https://thumb.mt.co.kr/21/2025/04/2025042415491591088_1.jpg
article,2025.04.18,"에너지공단, '8개 분산에너지 비즈니스 모델 지원 업무협약' 체결",,국토일보,https://www.ikld.kr/news/articleView.html?idxno=311777,http://www.ikld.kr/news/thumbnail/202504/311777_158634_1145_v150.jpg
article,2025.04.16,"나인와트, 건물 탄소관리 솔루션으로 탄소중립 시대 선도",,서울경제TV,https://www.sentv.co.kr/article/view/sentv202504160106,https://www.sentv.co.kr/data/sentv/image/2025/04/16/sentv20250416000104.jpg
article,2025.04.16,인천지식재산센터 '글로벌IP스타기업' 수여식,,경인일보,https://www.kyeongin.com/article/1736524,https://wimg.kyeongin.com/news/cms/2025/04/16/news-p.v1.20250416.bdd78a727ba2428a9aa6bd79ad1d1592_R.jpg
article,2025.02.04,"샘 올트먼, 국내 스타트업과 협력…AI 공동전선 구축",,아주경제,https://www.ajunews.com/view/20250204151150940,https://image.ajunews.com/content/image/2025/02/04/20250204151308896270.jpg
article,2025.01.16,"에스아이디파트너스, 투자기업 5개사 CES서 혁신상 수상·비즈니스 밋업 등 성과",,머니투데이,https://news.mt.co.kr/mtview.php?no=2025011615261725339,https://thumb.mt.co.kr/21/2025/01/2025011615261725339_1.jpg
video,2025.01.13,Ninewatt : Urban Energy Renovation Solution 'WATTI' at CES 2025,,에이빙뉴스,https://www.youtube.com/watch?v=ELIT_G9AUHk,https://i.ytimg.com/vi/ELIT_G9AUHk/0.jpg
video,2024.11.21,"나인와트, 에너지 리노베이션 플랫폼 'WATTI' 알린다",,AVING NEWS,https://www.youtube.com/watch?v=uO1DN4U5oBs,https://i.ytimg.com/vi/uO1DN4U5oBs/maxresdefault.jpg
article,2024.11.14,"인천센터, 빅웨이브 글로벌 참여기업 2개사 일본 현지 IR 피칭 성료",,브레이크뉴스,https://www.breaknews.com/1070760,http://www.ebreaknews.com/imgdata/ebreaknews_com/202411/2024111438133136.jpg
article,2024.11.13,"마이크로소프트와 손잡는 인천... 인천경제청, 스타트업 육성 '협업'",,경기일보,https://www.kyeonggi.com/article/20241113580126,https://ypzxxdrj8709.edge.naverncp.com/data2/content/image/2024/11/13/.cache/512/20241113580151.jpg
article,2024.11.13,"인천경제청과 한국MS, 인천 유망 스타트업 육성 업무협약 체결",,인천in,https://www.incheonin.com/news/articleView.html?idxno=105379,http://www.incheonin.com/news/thumbnail/202411/105379_158398_4149_v150.jpg
article,2024.11.06,"IBK창공, 2024년 일본 액셀러레이팅 프로그램 성료",,프라임경제,https://www.newsprime.co.kr/news/article/?no=661663,http://www.newsprime.co.kr/data/photos/cdn/20241145/art_661663_1730859711.jpg
article,2024.10.18,"나인와트, 시나넨 홀딩스와 함께 스마트시티 글로벌 실증 프로젝트 본격 추진",,비욘드포스트,https://www.beyondpost.co.kr/view.php?ud=2024101811465667599aeda69934_30,https://cgeimage.commutil.kr/phpwas/restmb_allidxmake.php?pp=002&idx=999&simg=20241018114705082769aeda6993417521136223.jpg&nmt=30
article,2024.09.25,"[VC 투자기업] 나인와트, 30억 시리즈A 추가 유치 시동",,더벨,https://www.thebell.co.kr/free/content/ArticleView.asp?key=202409111454343520108923,https://image.thebell.co.kr/news/photo/2024/09/11/20240911145658076.png
article,2024.05.24,"서울경제진흥원, 미·중·일 진출 액셀러레이팅 프로그램 운영",,ZDNet Korea,https://zdnet.co.kr/view/?no=20240524135002,https://image.zdnet.co.kr/2024/05/20/d8511e018029a2b6f9d12694f9fd17f8.jpg
article,2024.03.17,"샘 올트먼 깜짝 방문…오픈AI, K스타트업 10개사 키운다",,이데일리,https://www.edaily.co.kr/News/Read?newsId=01426806638824304&mediaCodeNo=257,https://image.edaily.co.kr/images/Photo/files/NP/S/2024/03/PS24031700152.jpg
article,2024.02.26,맞춤형 전기요금 설정 도움...나인와트가 도시를 살리는 비법,,이데일리,https://www.edaily.co.kr/News/Read?newsId=01170966638794456&mediaCodeNo=257,https://image.edaily.co.kr/images/Photo/files/NP/S/2024/02/PS24022600043.jpg
article,2024.01.26,IBK창공(創工) 마포' 12기 투자유치 프로그램 정기 IR 개시,,머니투데이,https://news.mt.co.kr/mtview.php?no=2024012618214340000,https://thumb.mt.co.kr/21/2024/01/2024012618214340000_1.jpg
article,2024.01.07,"IFEZ 인천스타트업파크, 글로벌 실증 메카로 자리매김",,전국매일신문,https://www.jeonmae.co.kr/news/articleView.html?idxno=1005743,https://www.jeonmae.co.kr/news/thumbnail/202401/1005743_698581_117_v150.jpg
article,2023.12.15,오픈AI는 왜 이 스타트업을 골랐나... 인류에 도움되는 AI 필,,아이뉴스24,https://www.inews24.com/view/1666119,https://image.inews24.com/v1/05727d0d9d06c1.jpg
article,2023.11.06,"강남구, 도시 에너지 3D맵 구축으로 빅데이터 활용 우수상",,서울신문,https://amp.seoul.co.kr/seoul/20231106500252,https://img.seoul.co.kr/img/upload/2023/11/06/SSC_20231106170609.jpg
article,2023.11.02,"서울 강남구, 바르셀로나에서 스마트 도시 정책을 전 세계에 알린다",,문화경제,https://weekly.cnbnews.com/news/article.html?no=155226,https://weekly.cnbnews.com/data/photos/20231144/art_155226_1698898202.jpg
article,2023.07.27,"에스아이디파트너스, 초거대 AI를 주제로 오픈테크 특강 성료",,머니투데이,https://news.mt.co.kr/mtview.php?no=2023072714180756678,https://thumb.mt.co.kr/21/2023/07/2023072714180756678_1.jpg
article,2023.07.10,"강남구, '강남, 디지털을 품다' 참여 기업 11개사와 업무협약 체결",,시민일보,https://www.siminilbo.co.kr/news/newsview.php?ncode=1160299391491679,https://www.siminilbo.co.kr/news/data/20230707/p1160299391491679_217_thum.JPG
article,2023.04.13,"강남구, 민·관 협력 오픈 이노베이션 '제1회 강남, 디지털을 품다' 개최",,스카이데일리,https://skyedaily.com/news/news_view.html?ID=188468,https://pds.skyedaily.com/top_image/202304/188468_p.jpg
article,2023.03.21,"印尼, 40조 규모 '新수도' 이전… '세종시 벤치마킹'",,동아일보,https://www.donga.com/news/Economy/article/all/20230320/118439292/1,https://dimg.donga.com/wps/NEWS/IMAGE/2023/03/20/118439290.1.jpg
video,2023.01.06,LX공간드림센터 입주기업 사업공유 워크숍 #나인와트,,LX한국국토정보공사,https://www.youtube.com/watch?v=U7BI83chbXs,https://i.ytimg.com/vi/U7BI83chbXs/maxresdefault.jpg
article,2022.12.14,"서울창조경제혁신센터, 2022년 대-스타 해결사 플랫폼 4차산업 분야 스타트업 23개사 지원 시작",,서울경제,https://www.sedaily.com/NewsView/26EWF0B9B8,https://newsimg.sedaily.com/2022/12/14/26EWF0B9B8_1.jpg
article,2022.11.18,영국으로 간 K-스타트업 8개사,,Platum,https://platum.kr/archives/197056,https://platum.kr/wp-content/uploads/2022/11/3-6.jpg
article,2022.11.14,인천TP '인천 라이징 스타 데모데이' 열어,,전자신문,https://www.etnews.com/20221114000314,https://img.etnews.com/photonews/2211/1593535_20221114222440_894_0001.jpg
video,2022.08.19,Insight Session | 나인와트 김영록 대표,,이지스자산운용,https://www.youtube.com/watch?v=FLgqal5oOYA,https://i.ytimg.com/vi/FLgqal5oOYA/maxresdefault.jpg
video,2022.08.19,[ICT산업 Hot Clips] 나인와트_2022년 ICT기금사업 우수기업을 만나다,,KCA크카TV,https://www.youtube.com/watch?v=-rwpBOqQmoc,https://i.ytimg.com/vi/-rwpBOqQmoc/maxresdefault.jpg
article,2022.07.05,"인천센터, 상반기 투자유치 사업계획 발표회(BiiG WAVE IR) 개최",,Venture Square,https://www.venturesquare.net/858358,https://www.venturesquare.net/wp-content/uploads/2022/07/2022년도-상반기-빅웨이브-투자유치-IR-포스터-e1656991421844.jpg
video,2022.07.02,"[무삭제] 기후 문제를 해결할 효율적인 소프트웨어 | 나인와트 IR 피칭, Q&A",,EO,https://www.youtube.com/watch?v=UF5r5IT072k,https://i.ytimg.com/vi/UF5r5IT072k/maxresdefault.jpg
article,2022.06.23,"중기부-중진공, APEC 저탄소 산업 생태계 조성 포럼",,노컷뉴스,https://www.nocutnews.co.kr/news/5776228,https://file2.nocutnews.co.kr/newsroom/image/2022/06/23/202206231353567675_0.jpg
video,2022.05.11,[IR Room] 그린리모델링을 통한 건물 에너지 절감! 나인와트,,SOVAC,https://www.youtube.com/watch?v=mT1lOPP2VKc,https://i.ytimg.com/vi/mT1lOPP2VKc/maxresdefault.jpg
article,2022.05.04,"2022년 그린뉴딜 유망기업 30개사 선정, 수여식 개최",,국토일보,https://www.ikld.kr/news/articleView.html?idxno=253400,http://www.ikld.kr/news/thumbnail/202205/253400_103786_3319_v150.jpg
video,2022.04.12,2022년 LS ELECTRIC x 무역협회 오픈이노베이션 최종발표회,,StartupBranch,https://www.youtube.com/watch?v=k4_4U3FaAGo,https://i.ytimg.com/vi/k4_4U3FaAGo/maxresdefault.jpg
article,2022.04.01,구자균 회장이 직접 챙긴 스타트업 6개사...협업 기대 커,,머니투데이,https://news.mt.co.kr/mtview.php?no=2022040115352049935,https://thumb.mt.co.kr/21/2022/04/2022040115352049935_1.jpg
article,2022.03.31,"LS일렉트릭, 에너지-자동화사업분야 국내 스타트업 6곳과 협업한다",,Business Post,https://www.businesspost.co.kr/BP?command=article_view&num=276315,https://www.businesspost.co.kr/news/photo/202203/20220331175912_59332.jpg
article,2022.02.09,"유니콘팩토리 올라탄 스타트업, '인재·자금·고객' 몰렸다",,머니투데이,https://news.mt.co.kr/mtview.php?no=2022020817320995184,https://thumb.mt.co.kr/21/2022/02/2022020817320995184_1.jpg
video,2022.01.12,데이터로 돈을 만든 떠오르는 스타트업 3인방,,EO,https://www.youtube.com/watch?v=P5_7uXX_FXI,https://i.ytimg.com/vi/P5_7uXX_FXI/maxresdefault.jpg
video,2021.12.31,[2021 DATA-Stars 수상기업 인터뷰] 나인와트,,데이터 비즈니스 채널,https://www.youtube.com/watch?v=GPCCM6XkqHw,https://i.ytimg.com/vi/GPCCM6XkqHw/maxresdefault.jpg
article,2021.12.28,전기안전점검 원격전환…새 비즈모델 창출 '촉각',,ZDNet Korea,https://zdnet.co.kr/view/?no=20211228172454,https://image.zdnet.co.kr/2021/10/06/6a040504d2eb4b4bbdf7ebd796caa02b.jpg
article,2021.12.24,"국토부-LX공사, 공간정보 창업아이디어 발굴해 육성한다",,이데일리,https://www.edaily.co.kr/news/read?newsId=01315286629281800&mediaCodeNo=257,https://image.edaily.co.kr/images/Photo/files/NP/S/2021/12/PS21122400099.jpg
article,2021.12.21,데이터 댐 성공사례 봤더니…수출·청년 스타트업 '특급 도우미',,ZDNet Korea,https://zdnet.co.kr/view/?no=20211221172921,https://image.zdnet.co.kr/2020/09/02/3ed88669d597dff5f024b4f49566a812.jpg
article,2021.12.15,'이 건물 전기사용량이 지나치게 많네요'…AI·빅데이터로 에너지낭비 막는다,,매일경제,https://www.mk.co.kr/news/business/view/2021/12/1138331/,https://pimg.mk.co.kr/meet/2021/12/image_listtop_2021_1138331_1639556042.jpg
video,2021.12.07,2021 IFEZ 스마트시티 국제심포지엄,,IFEZ 인천경제자유구역,https://www.youtube.com/watch?v=H7vtHHlb-Lg&t=15460s,https://i.ytimg.com/vi/H7vtHHlb-Lg/maxresdefault.jpg
video,2021.12.03,[인스타] 인천 스타트업 파크에 체험맨이 간다! 나인와트편,,인천광역시,https://www.youtube.com/watch?v=Eu7Xk80aghU,https://i.ytimg.com/vi/Eu7Xk80aghU/maxresdefault.jpg
article,2021.11.29,"SK에코플랜트, 친환경 사업으로 글로벌 ESG 영토 넓히기 박차",,Viewers,http://theviewers.co.kr/View.aspx?No=2130094,
article,2021.11.19,"한국데이터산업진흥원, 2021 DATA-Stars Awards 성료",,보안뉴스,https://www.boannews.com/media/view.asp?idx=102577,http://www.boannews.com/media/upFiles2/2021/11/835251354_4738.jpg
video,2021.11.13,Global startups to save the Earth! D.DAY X Global League LIVE,,D.CAMP,https://www.youtube.com/watch?v=ZhTCCaaoCVU&t=1916s,https://i.ytimg.com/vi/ZhTCCaaoCVU/maxresdefault.jpg
video,2021.11.12,"제1회 아·태 영리더스포럼, 제주",,YLF_JEJU,https://www.youtube.com/watch?v=KSDizSNLO-4&t=5264s,https://i.ytimg.com/vi/KSDizSNLO-4/maxresdefault.jpg
video,2021.11.02,2021 신한 스퀘어브릿지 인천 스타트업 콘퍼런스 'THE CONNECT 2021',,신한 스퀘어브릿지,https://www.youtube.com/watch?v=B6ovT2eEBjA,https://i.ytimg.com/vi/B6ovT2eEBjA/maxresdefault.jpg
article,2021.11.01,신한 스퀘어브릿지 인천 스타트업 콘퍼런스 2일 개최,,국민일보,http://news.kmib.co.kr/article/view.asp?arcid=0016421848&code=61121111&cp=nv,https://image.kmib.co.kr/online_image/2021/1101/2021110112571186235_1635739031_0016421848.jpg
video,2021.11.01,[창업사례] 창업성공사례 나인와트 김영록대표,,한국부동산원,https://www.youtube.com/watch?v=kl1u4g6aATw,https://i.ytimg.com/vi/kl1u4g6aATw/maxresdefault.jpg
article,2021.10.07,겨울 앞두고 '에너지 대란' 우려...줄줄 새는 전기 잡는 스타트업 뜬다,,머니투데이,https://news.mt.co.kr/mtview.php?no=2021100613513689025,https://thumb.mt.co.kr/21/2021/10/2021100613513689025_1.jpg
article,2021.09.14,건물·공장 전기 줄줄 새는데 ESG 경영?...AI가 에너지 낭비 막는다,,머니투데이,https://news.mt.co.kr/mtview.php?no=2021090714322182182,https://thumb.mt.co.kr/21/2021/09/2021090714322182182_1.jpg
article,2021.09.06,"ESG의 'E기업' 선제 발굴, VC 몰린 임팩트다이브",,더벨,https://www.thebell.co.kr/free/content/ArticleView.asp?key=202109021506377680106138&lcode=00,https://image.thebell.co.kr/news/photo/2021/09/02/20210902153155704_n.jpg
article,2021.08.04,"신한금융·셀트리온, 20개 스타트업에 스마트시티 등 사업화 지원",,머니투데이,https://news.mt.co.kr/mtview.php?no=2021080409271849093,https://thumb.mt.co.kr/21/2021/08/2021080409271849093_1.jpg
video,2021.07.30,[VIP TALK] 지구의 마지막 1.5도를 지켜라! 빅데이터로 여는 에너지 대전환,,현대차 정몽구 재단,https://www.youtube.com/watch?v=Jbt5-MR8qOI&t=348s,https://i.ytimg.com/vi/Jbt5-MR8qOI/maxresdefault.jpg
article,2021.07.23,"소풍벤처스-신보, 소셜벤처 액셀러레이팅 프로그램 'NEST' 데모데이 개최",,Platum,https://platum.kr/archives/167443,https://platum.kr/wp-content/uploads/2021/07/soo-1024x498.png
article,2021.07.20,"경북테크노파크, 풍력에너지 클러스터 인재양성사업 참여기관 워크숍 성료",,중앙일보,https://news.joins.com/article/24109822,
video,2021.07.16,[2021 DATA-Stars 킥오프데이 인터뷰] 나인와트,,데이터 비즈니스 채널,https://www.youtube.com/watch?v=C0ZPY8ExgQc,https://i.ytimg.com/vi/C0ZPY8ExgQc/maxresdefault.jpg
article,2021.06.01,"데이터산업진흥원, 2021 데이터-스타즈 25곳 선정",,디지털타임스,http://www.dt.co.kr/contents.html?article_no=2021060102109931650010,https://wimg.dt.co.kr/news/legacy/contents/images/202106/2021060102109931650010.jpg
article,2021.05.28,"경북테크노파크, 산업부 '풍력에너지 클러스터 인재양성사업' 선정",,NSP통신,http://www.nspna.com/news/?mode=view&newsid=504690,https://file.nspna.com/news/2021/05/28/20210528133906_504690_1.jpg
article,2021.04.01,낭비 과잉이 환경파괴 주범으로...'착한 스타트업'이 뜬다,,헤럴드경제,http://biz.heraldcorp.com/view.php?ud=20210401000768,https://wimg.heraldcorp.com/content/default/2021/04/01/20210401000609_0.jpg
article,2021.03.30,그린 리더십' 선봉에 선 KB 윤종규…녹색금융이 미래 경쟁력,,인더뉴스,https://www.inthenews.co.kr/news/article.html?no=32205,https://www.inthenews.co.kr/data/photos/20210312/art_16165536112264_e946fd.jpg
article,2021.03.19,"KB금융, 육성 대상 스타트업 22개사 추가 선정",,연합뉴스,https://www.yna.co.kr/view/AKR20210319105800002,https://img2.yna.co.kr/etc/inner/KR/2021/03/19/AKR20210319105800002_01_i_P4.jpg
video,2021.01.26,[나인와트] 에너지맵,,Ninewatt,https://www.youtube.com/watch?v=0Z5M6tHGTPs,https://i.ytimg.com/vi/0Z5M6tHGTPs/maxresdefault.jpg
video,2021.01.15,나인와트 인포그래픽 홍보영상,,주노베이션,https://www.youtube.com/watch?v=-FRg9N4k4gY,https://i.ytimg.com/vi/-FRg9N4k4gY/maxresdefault.jpg
article,2020.12.30,"도시문제 해결사 나인와트, 건축물 에너지 건강검진 솔루션(energyMAP) 성과 주목",,국민일보,http://news.kmib.co.kr/article/view.asp?arcid=0015376870&code=61141411,https://image.kmib.co.kr/online_image/2020/1230/611414110015376870_1.jpg
video,2020.12.01,[BLUEPOINT DEMO DAY 7] 나인와트(Ninewatt),,블루포인트파트너스,https://www.youtube.com/watch?v=qWJc-XpKACQ,https://i.ytimg.com/vi/qWJc-XpKACQ/maxresdefault.jpg
article,2020.10.14,비행선박부터 액화수소 충전트럭까지…스타트업도 '녹색' 바람,,머니투데이,https://news.mt.co.kr/mtview.php?no=2020100713423412549,https://thumb.mt.co.kr/21/2020/10/2020100713423412549_1.jpg
video,2019.12.24,나인와트 홍보 동영상 (한국어),,Ninewatt,https://www.youtube.com/watch?v=ObMkTOVy2JE,https://i.ytimg.com/vi/ObMkTOVy2JE/maxresdefault.jpg
video,2019.12.24,Ninewatt Promotional Video (English),,Ninewatt,https://www.youtube.com/watch?v=yRAgjCPVtF0,https://i.ytimg.com/vi/yRAgjCPVtF0/hqdefault.jpg
article,2019.11.21,"한국사회투자, 네번째 임팩트투자 기업에 '나인와트' 선정",,전자신문,https://m.etnews.com/20191121000187,https://img.etnews.com/photonews/1911/1245787_20191121154525_303_0001.jpg
article,2019.11.17,인천 도시문제 해결 공공플랫폼 개발대회 수상자 10팀 선발,,국민일보,http://news.kmib.co.kr/article/view.asp?arcid=0013938144&code=61121111&cp=nv,https://image.kmib.co.kr/online_image/2019/1117/611211110013938144_1.jpg
article,2019.09.05,"대한민국 소프트웨어(SW) 융합 해커톤 대회서 인천 대표 나인와트, 유사모랩, 어덴저스 등 3개 팀 우수상",,경기일보,http://www.kyeonggi.com/news/articleView.html?idxno=2160278,https://ypzxxdrj8709.edge.naverncp.com/data2/content/image/2019/09/05/.cache/512/201909050949334.jpg
article,2019.04.12,"인천 스타트업이 전합니다 '웰컴투팁스', 나인와트 최우수상",,Venture Square,https://www.venturesquare.net/778514,https://www.venturesquare.net/wp-content/uploads/2019/04/welcometotips-02.jpg
article,2018.12.05,"소셜 정보방송 무알時報(15), '2018 공공데이터 창업경진대회 편, 나인와트 출연",,전자신문,https://m.etnews.com/20181205000089,https://img.etnews.com/photonews/1812/1135541_20181205112852_368_0001.jpg
article,2018.11.12,"'공공데이터, 창업미래 경쟁력 되다' 제6회 공공데이터활용 창업경진대회 왕중왕전 개최",,전자신문,https://m.etnews.com/20181112000522,https://img.etnews.com/news/article/2018/11/12/cms_temp_article_12183608529885.jpg
article,2018.11.08,"한국에너지공단, '에너지 벤처' 든든한 동반자로…시민창업대회 1만명 넘게 몰려",,매일경제,https://www.mk.co.kr/news/special-edition/view/2018/11/699270/,https://pimg.mk.co.kr/meet/neds/2018/11/image_readtop_2018_699270_15416173223523847.jpg
article,2018.09.10,"국토부, 부동산 서비스산업 창업 경진대회 '나인와트팀' 최우수상",,데일리안,https://www.dailian.co.kr/news/view/738252/?sc=naver,http://cdnimage.dailian.co.kr/news/201809/news_1536542613_738252_m_1.jpg
